,quantile 1,quantile 2,quantile 3,quantile 4,quantile 5,L/S
20080104,1.019134888888889,1.0074521333333333,1.0154350222222222,1.0201608444444445,1.0224642666666666,1.0033293777777779
20080111,0.9325520888888889,0.9400581333333333,0.9439594222222222,0.9289111999999999,0.9245384888888889,0.9919864
20080118,0.9289053777777778,0.9141124,0.9118391555555556,0.9218468888888889,0.9078724,0.9789670222222223
20080125,0.9878136444444444,1.0123213777777778,1.0333977777777779,1.0332026222222221,1.032252311111111,1.0444386666666667
20080201,1.0498743362831857,1.0480167256637167,1.0351141592920354,1.034513185840708,1.03825796460177,0.9883836283185841
20080205,1.0549037168141593,1.0559147787610619,1.0483655309734514,1.0486841150442479,1.0534602654867256,0.9985565486725664
20080215,0.9615948672566372,0.9685304867256637,0.965372831858407,0.9623754424778761,0.9580378761061947,0.9964430088495575
20080222,1.0639945132743363,1.0727791150442478,1.0785961946902654,1.0784215486725663,1.0771850442477875,1.0131905309734512
20080229,0.9447027433628319,0.9533054867256637,0.9495924778761061,0.9518244690265486,0.9552256194690266,1.0105228761061946
20080307,0.866355221238938,0.8664134513274336,0.8573198230088495,0.8650837168141592,0.8507271681415929,0.9843719469026548
20080314,1.0216083628318584,1.0045863274336284,0.9973151769911505,0.9741642477876106,0.9814515044247788,0.9598431415929204
20080321,0.9233878761061947,0.9336365486725664,0.9469524336283186,0.949565221238938,0.9428485398230089,1.0194606637168142
20080328,0.9607526548672566,0.9598653982300884,0.9526659734513274,0.9637455309734514,0.9865607079646017,1.0258080530973452
20080403,0.9426596017699115,0.9277746460176991,0.926979203539823,0.9303713716814159,0.9480072123893805,1.005347610619469
20080411,0.9225630530973452,0.9046378761061946,0.8973119469026549,0.8980194247787611,0.8929610176991151,0.97039796460177
20080418,1.1031093805309735,1.0972873451327434,1.1141674336283187,1.126997831858407,1.1349637610619467,1.0318543805309732
20080425,1.0274771238938054,1.0225407522123895,1.0261888938053096,1.0255374336283185,1.0577096017699115,1.0302324778761063
20080430,1.0170084070796461,0.9999711946902655,1.0026526991150442,0.9950049115044248,0.9946844247787611,0.977676017699115
20080509,0.9794391150442477,1.0091323008849558,1.0029796017699115,1.01645296460177,1.0265186725663717,1.047079557522124
20080516,0.9126183628318584,0.9097255309734513,0.9067018584070796,0.9073256637168142,0.9043315486725665,0.991713185840708
20080523,1.0083482300884956,1.0145519026548673,1.0180835840707965,1.023999203539823,1.0302876548672566,1.021939424778761
20080530,0.870728628318584,0.8550458407079646,0.8650981858407081,0.8734242920353983,0.8809046017699115,1.0101759734513274
20080606,0.8363732300884956,0.842722389380531,0.8344978318584071,0.8252049115044249,0.8240498230088495,0.9876765929203539
20080613,0.9128580088495575,0.9070280088495575,0.8985057522123894,0.8975218141592921,0.8992261504424779,0.9863681415929204
20080620,1.0241560176991151,1.0273476991150443,1.0270423008849558,1.0221703982300885,1.0320407079646017,1.0078846902654868
20080627,1.0796834070796462,1.0853622566371681,1.09383203539823,1.0915833185840709,1.0878650442477875,1.0081816371681416
20080704,1.0193826991150443,1.0345935398230088,1.0419846017699115,1.0480051769911505,1.0508865486725663,1.0315038495575222
20080711,0.976701238938053,0.9804888938053098,0.9850107522123894,0.9831384513274336,0.9827437168141593,1.0060424778761061
20080718,1.0238823008849558,1.0252938495575221,1.0336328318584072,1.0352000884955752,1.0391513716814158,1.0152690707964602
20080725,0.9338874778761062,0.9276219469026549,0.9279145575221239,0.929826814159292,0.9285682743362832,0.9946807964601769
20080801,0.8167661471861472,0.8284098268398268,0.8210703896103897,0.8122967532467532,0.8143816450216451,0.997615497835498
20080808,0.9099379653679653,0.9065180086580086,0.9165007359307359,0.9104825541125541,0.9058474891774893,0.9959095238095239
20080815,1.0365560173160173,1.040961645021645,1.039360432900433,1.0436439393939394,1.0439575324675325,1.0074015151515152
20080822,0.9408822510822511,0.9400489610389611,0.9463942424242424,0.9492632467532468,0.9547554978354978,1.0138732467532467
20080829,0.8862710822510822,0.9150241125541126,0.9099169696969697,0.9227998701298701,0.9174152813852814,1.0311441991341992
20080905,0.9694715584415584,0.9763384848484848,0.9774732900432901,0.9765752813852814,0.975576277056277,1.0061047186147185
20080912,1.013483896103896,1.0103147186147186,1.0286767965367964,1.0248870995670996,1.0256874891774892,1.012203593073593
20080919,0.9418278354978354,0.9290425974025974,0.9356303463203464,0.9453720779220779,0.9512924242424242,1.0094645887445888
20080926,0.9160731168831169,0.9095883116883117,0.9082794805194805,0.9082006926406926,0.9030471861471862,0.9869740692640693
20081010,0.9485795238095238,0.9560787445887445,0.9566471861471861,0.9550558874458874,0.9416376190476191,0.9930580952380952
20081017,0.8917436796536797,0.8826284415584416,0.8932989177489177,0.9003438528138529,0.8920861471861472,1.0003424675324675
20081024,0.9559941991341991,0.965470735930736,0.9586450216450216,0.9622942424242424,0.9658741558441558,1.0098799567099568
20081031,1.077206406926407,1.087876277056277,1.0907105194805193,1.100803116883117,1.1037496536796538,1.0265432467532467
20081107,1.1252631168831169,1.145840173160173,1.1581024242424243,1.1743192207792208,1.1858303896103897,1.0605672727272728
20081114,0.9360013852813853,0.933658051948052,0.9357041991341991,0.935971038961039,0.9336336796536796,0.9976322943722944
20081121,1.039105064935065,1.0490802597402598,1.0402435064935065,1.0419161904761904,1.038078181818182,0.9989731168831169
20081128,1.09496341991342,1.1191931601731602,1.1271988744588743,1.1459987012987014,1.1690101298701299,1.07404670995671
20081205,0.9376832467532468,0.9473669264069264,0.9442425541125541,0.943742987012987,0.9452537229437229,1.0075704761904762
20081212,1.0475722943722943,1.0408652380952381,1.0555715584415584,1.0552257142857142,1.0679554112554113,1.020383116883117
20081219,0.9118080086580087,0.9006435064935066,0.89162329004329,0.8948403896103896,0.8877332467532466,0.9759252380952379
20081226,1.0531772727272726,1.0517047186147186,1.065387619047619,1.0553690043290043,1.0645312554112554,1.0113539826839828
20081231,1.038972683982684,1.0582402164502165,1.0554257142857142,1.0648674891774892,1.0674741558441558,1.0285014718614718
20090109,1.0171242424242424,1.0303507792207791,1.0321909956709956,1.0342357575757577,1.0408823376623377,1.0237580952380951
20090116,1.0469150216450216,1.046375064935065,1.0461185281385281,1.0449660606060607,1.0463087012987013,0.9993936796536796
20090123,1.091546141078838,1.1052183817427386,1.1152028630705395,1.1236679253112034,1.1342497510373444,1.0427036099585063
20090206,1.0814028630705395,1.0935454771784232,1.1091973443983403,1.1095236099585062,1.1053236929460581,1.0239208298755187
20090213,1.007161244813278,1.0048934439834025,1.0054365560165974,1.0042249377593362,1.0042884232365146,0.9971271784232365
20090220,0.8549119917012448,0.8511535684647303,0.8403010788381743,0.8513386307053942,0.8681048132780083,1.0131928215767636
20090227,1.0121911203319502,1.026998215767635,1.0312000414937759,1.030244439834025,1.0196344813278009,1.0074433609958506
20090306,1.0221723651452281,1.0268616182572614,1.034868132780083,1.0285528215767634,1.0279555601659751,1.005783195020747
20090313,1.0818576348547717,1.0850167634854773,1.0872654771784231,1.0938429045643154,1.087631742738589,1.0057741078838174
20090320,1.0111065975103735,1.0199321991701245,1.0173696680497926,1.0221446887966805,1.025400746887967,1.0142941493775934
20090327,1.0287068464730291,1.0301834024896266,1.0272221991701245,1.0421732780082988,1.024978713692946,0.996271867219917
20090403,1.051535518672199,1.0429451452282157,1.0423857676348547,1.0419099170124482,1.038274398340249,0.9867388796680497
20090410,1.0323034439834025,1.0417407883817427,1.0537904564315352,1.0555652697095437,1.0554041908713694,1.0231007468879667
20090417,0.8948885892116182,0.912180580912863,0.9046695020746888,0.907855643153527,0.9126086721991702,1.017720082987552
20090424,1.1067873858921162,1.099335601659751,1.10076132780083,1.094954356846473,1.083617468879668,0.9768300829875518
20090430,0.97974755186722,0.9881569709543568,0.9904822821576763,0.9912486721991701,0.9890801659751037,1.0093326141078838
20090508,1.0543790871369294,1.0528453526970956,1.0530444813278008,1.0513213692946057,1.0399117427385893,0.9855326556016598
20090515,0.9798235269709543,0.9933851452282157,0.9848321161825726,0.9872192116182573,0.9934754771784232,1.0136519502074688
20090522,1.032171161825726,1.0354823236514523,1.0396673858921162,1.0320124896265561,1.0370928630705394,1.0049217012448133
20090527,1.0005925311203319,1.0065696680497926,1.0058520746887967,1.0101584647302904,1.0205989626556016,1.0200064315352697
20090605,0.9977134024896266,0.9992414107883817,1.0111675103734439,1.0048271784232365,1.0054003734439834,1.0076869709543568
20090612,1.0091447302904564,1.0133403319502075,1.0175605809128632,1.0154820746887967,1.0155007468879669,1.0063560165975103
20090619,1.0261964315352696,1.023813029045643,1.0190651867219918,1.0179916182572615,1.0187365145228215,0.9925400829875519
20090626,1.025126970954357,1.0314676763485477,1.031617468879668,1.024245726141079,1.0199520331950207,0.9948250622406639
20090703,1.0419713278008298,1.0455848547717843,1.03704510373444,1.0532452697095436,1.0461346473029045,1.0041633195020747
20090710,1.0345394190871369,1.0450364730290456,1.0489553112033194,1.0533688381742738,1.054279377593361,1.0197399585062241
20090717,1.011733734439834,1.0162266390041494,1.0154515767634855,1.0118294190871369,1.0192220746887968,1.0074883402489627
20090724,1.0054358091286306,1.0092589626556017,1.0145170539419088,1.0116564315352696,1.019028091286307,1.0135922821576764
20090731,0.9559453036437247,0.966110971659919,0.9726415789473685,0.9836328744939271,1.0018597165991903,1.0459144129554656
20090807,0.8555048987854251,0.8440370850202429,0.843377854251012,0.8357714574898786,0.828657125506073,0.9731522267206478
20090814,1.0647086639676113,1.058392914979757,1.0530094331983806,1.0425087044534413,1.0434643724696357,0.9787557085020243
20090821,0.9135574493927126,0.9114908906882592,0.916472024291498,0.9347339676113361,0.9315561538461538,1.0179987044534413
20090828,1.0685731174089068,1.0729927530364374,1.0776925910931174,1.0793474493927124,1.0800666801619434,1.0114935627530364
20090904,1.0545738056680163,1.0552929149797572,1.0564773684210527,1.0536082186234819,1.055804008097166,1.0012302024291497
20090911,1.0032467611336033,1.0159136842105263,1.0143156680161942,1.0170682995951417,1.0295033198380568,1.0262565587044534
20090918,0.8937946963562753,0.8925409311740892,0.8941771659919028,0.9015005263157895,0.9073407287449393,1.013546032388664
20090925,1.056168056680162,1.0636691902834008,1.0595655870445344,1.063806842105263,1.0588306882591092,1.0026626315789473
20090930,1.0427395546558704,1.0349477732793522,1.0370085425101214,1.040974939271255,1.0372987044534412,0.9945591497975709
20091009,1.0564131174089069,1.0482958704453442,1.0584430769230768,1.0606673684210526,1.0661874898785426,1.0097743724696358
20091016,1.0168666801619433,1.0225407692307693,1.0244047368421052,1.0310023076923076,1.033371902834008,1.0165052226720648
20091023,1.006290890688259,1.00958012145749,1.0044319838056681,1.0014876923076923,0.9972122267206478,0.9909213360323886
20091030,1.037991862348178,1.0483016194331984,1.0535195546558704,1.0585862753036437,1.0689743319838056,1.0309824696356276
20091106,1.0387413765182185,1.0404095951417005,1.0438045344129554,1.040231983805668,1.0499727125506073,1.0112313360323888
20091113,1.0422071659919028,1.0492866801619434,1.0549678542510121,1.0500436437246963,1.0520961943319838,1.009889028340081
20091120,0.9666558299595142,0.9508793522267207,0.9536178947368421,0.9565363157894736,0.9504563967611336,0.9838005668016194
20091127,1.0249571659919028,1.0358374898785425,1.0498328340080971,1.0519977327935224,1.0480674898785425,1.0231103238866397
20091204,0.9862517408906882,0.984701012145749,0.9830372064777329,0.9837157894736842,0.9852798785425101,0.9990281376518219
20091211,0.9442363157894736,0.9398619028340081,0.9392735222672064,0.9452468825910931,0.9436875708502025,0.9994512550607288
20091218,1.0493421862348178,1.044174089068826,1.040265910931174,1.0295622267206477,1.0283886639676114,0.9790464777327935
20091225,1.0246523481781376,1.020245870445344,1.026591012145749,1.0210374089068825,1.0180708097165991,0.9934184615384616
20091231,1.001250850202429,1.0064677327935223,1.0065464372469635,1.0001945344129555,1.0013906882591093,1.0001398380566802
20100108,1.0507033603238867,1.0597954655870445,1.0570788663967612,1.0585305263157896,1.0600014574898786,1.009298097165992
20100115,0.9156865587044534,0.9264986234817814,0.9281574898785425,0.9345804858299596,0.9387763967611337,1.0230898380566802
20100122,0.9747010526315789,0.9642087044534413,0.9575356680161944,0.9527938866396761,0.9491491497975708,0.9744480971659919
20100129,0.9927812927756654,0.9982547148288974,1.0074239923954373,1.0030647148288974,1.0043121292775665,1.0115308365019011
20100205,1.0198058935361216,1.0271009125475286,1.0268653231939164,1.0256289733840305,1.0237454752851711,1.0039395817490495
20100212,1.064774372623574,1.0661652851711025,1.0575531178707225,1.0563077186311787,1.0534486311787072,0.988674258555133
20100226,0.9806525095057034,0.9871027376425856,0.9944752471482889,0.99995463878327,1.0024225475285171,1.0217700380228136
20100305,0.9553155513307985,0.9549296958174904,0.9618002661596958,0.9600217870722434,0.9613004562737643,1.0059849049429657
20100312,1.0493795437262357,1.0509619391634981,1.054591330798479,1.0537073003802282,1.0565456653992396,1.007166121673004
20100319,1.0043077186311786,1.0047007604562737,1.0084314828897338,1.0062728136882129,1.005439885931559,1.0011321673003801
20100326,1.0316088593155894,1.031024258555133,1.0254827756653992,1.029178174904943,1.028534980988593,0.9969261216730038
20100402,1.0091241825095056,1.0075751711026617,1.0037062737642586,1.0083509885931559,1.0113852851711027,1.002261102661597
20100409,0.9429077186311787,0.9324938783269963,0.9425961596958174,0.9371263117870723,0.9445758935361217,1.001668174904943
20100416,1.041054030418251,1.0360600760456273,1.0332230038022814,1.0241350950570343,1.0122050570342205,0.9711510266159695
20100423,0.9100616349809886,0.9084610266159696,0.8994311406844107,0.8978325855513308,0.9108818631178708,1.000820228136882
20100430,0.9248965399239544,0.931006349809886,0.9305984030418251,0.9437972623574145,0.9457734600760457,1.0208769201520913
20100507,0.9191342205323194,0.8972403041825094,0.9087031558935361,0.9080630038022813,0.9240401520912548,1.0049059315589353
20100514,1.0585384790874526,1.0532881368821292,1.051521102661597,1.0495541064638783,1.0559640684410647,0.9974255893536121
20100521,0.9909491254752851,0.9825194296577947,0.9840212167300381,0.9793027376425856,0.9837165399239544,0.9927674144486692
20100528,0.9929161216730038,0.9906547148288973,0.9879446768060837,0.9868528897338403,0.9841038022813688,0.991187680608365
20100604,1.0111723574144487,1.0198485171102663,1.0272483269961978,1.0312358935361217,1.0334989353612167,1.022326577946768
20100611,0.9838530038022814,0.9890149049429657,0.9954986311787072,1.001386844106464,1.0013431558935362,1.0174901520912547
20100618,0.9681338783269962,0.9697246768060837,0.9710995817490494,0.9739197338403042,0.9777528897338403,1.0096190114068442
20100625,0.8972826235741445,0.8950219771863117,0.8908339923954373,0.8949536882129279,0.8911394296577946,0.9938568060836502
20100702,1.0729468060836502,1.0743012547528517,1.0804661977186312,1.0829754372623575,1.0785055893536122,1.005558783269962
20100709,0.9941899619771863,1.0008482509505703,1.005411330798479,1.01000927756654,1.0012536501901141,1.0070636882129278
20100716,1.0497663878326997,1.0522273384030418,1.058541102661597,1.0657758935361217,1.0723482509505704,1.0225818631178707
20100723,1.0400223574144487,1.044502433460076,1.0423389353612167,1.0523342205323194,1.0569405323193917,1.016918174904943
20100730,1.02734321299639,1.0238748375451263,1.025159025270758,1.0293418772563176,1.0388431407942238,1.0114999277978338
20100806,1.0070994223826715,1.0027906859205775,1.005008844765343,1.0034713357400722,1.0034948736462095,0.9963954512635379
20100813,0.9942175812274369,0.9941758844765343,0.99518,0.9978458122743682,1.0030392418772562,1.0088216606498195
20100820,1.0327830685920578,1.026843429602888,1.0249593862815884,1.0242587003610109,1.028568736462094,0.9957856678700361
20100827,1.0174283393501804,1.021599025270758,1.0254085559566788,1.0250993862815885,1.0337554151624548,1.0163270758122742
20100903,1.0285581227436822,1.0262690613718413,1.0241145848375452,1.0205136101083032,1.0219649819494585,0.9934068592057762
20100910,0.9450103610108304,0.9504986281588448,0.9519741516245488,0.9510771119133574,0.9536336101083033,1.008623249097473
20100917,1.0257414440433212,1.0215336101083032,1.020626750902527,1.0197162815884477,1.017875342960289,0.9921338989169675
20100921,1.0289806137184114,1.02900559566787,1.0318936101083032,1.0369197833935018,1.0448069675090252,1.0158263537906138
20100930,0.9723134296028881,0.9902764259927798,1.001932310469314,1.01460238267148,1.0166624909747293,1.0443490613718411
20101008,0.951705559566787,0.9674214440433213,0.9761859205776173,0.9940754512635379,0.9938080866425992,1.0421025270758122
20101015,1.0840201805054153,1.0745303610108303,1.071533249097473,1.0603197833935019,1.054127870036101,0.9701076895306859
20101022,1.0407746931407942,1.0344993501805055,1.0348759927797833,1.0284915523465703,1.0281227797833934,0.9873480866425993
20101029,1.035573176895307,1.0390250902527076,1.044090974729242,1.0429612274368232,1.0466236823104693,1.0110505054151624
20101105,0.9544270397111914,0.9434227797833935,0.9458854151624548,0.9549819133574007,0.960159963898917,1.0057329241877255
20101112,0.976106678700361,0.9728259566787004,0.9828798194945848,0.9896915162454873,0.9863161371841155,1.0102094584837544
20101119,1.020989963898917,1.0207627797833936,1.0180516245487365,1.0179694584837544,1.0086968953068591,0.9877069314079423
20101126,0.9559530324909747,0.9539219855595668,0.9686730324909747,0.9667173646209386,0.9721404693140794,1.0161874368231048
20101203,1.0395010469314079,1.034254620938628,1.0247290252707582,1.0247571841155234,1.0216517689530686,0.9821507220216606
20101210,0.9947898916967509,1.0004861371841156,0.9944457039711191,0.9977750180505415,0.9916181227436823,0.9968282310469314
20101217,0.9347287364620939,0.9390981949458483,0.9462085559566786,0.9511168953068592,0.9555631046931408,1.020834368231047
20101224,1.0473675451263538,1.0378713357400722,1.031541155234657,1.0220585198555956,1.0178320577617328,0.9704645126353791
20101231,0.9531693501805054,0.9569924909747293,0.9689026353790614,0.9708459566787003,0.9774249819494585,1.024255631768953
20110107,0.9298611913357401,0.92932,0.9366289891696751,0.9433209025270758,0.9504236823104694,1.0205624909747293
20110114,0.9780840433212996,0.9767527436823105,0.9834967148014441,0.98536440433213,0.9888684476534296,1.01078440433213
20110121,1.0385424187725631,1.0386413718411551,1.0401261010830325,1.0401759927797833,1.0435228158844765,1.0049803971119133
20110128,1.0516000722021661,1.049883393501805,1.056739963898917,1.0536863176895306,1.0567125270758122,1.0051124548736463
20110201,1.0678631228070175,1.0727210877192983,1.0748138947368422,1.0720169473684211,1.0778098596491228,1.0099467368421053
20110211,1.0380244912280703,1.0305992631578949,1.0326812631578948,1.0322166666666668,1.0342043157894736,0.9961798245614035
20110218,1.0023879298245615,1.0056418245614036,1.0082522105263159,1.0114798596491228,1.0168651929824561,1.0144772631578947
20110225,1.0062845263157896,1.0104915438596491,1.0181642456140352,1.0171027719298245,1.0178452631578947,1.0115607368421053
20110304,1.014559298245614,1.003239754385965,1.002003298245614,1.0055376842105264,1.0079711929824562,0.9934118947368421
20110311,0.9785025614035088,0.9849071228070175,0.982107298245614,0.9898419649122807,0.9847619298245613,1.0062593684210526
20110318,1.0275281754385965,1.0232230877192983,1.0295627368421052,1.0168449473684211,1.0165723508771929,0.9890441754385965
20110325,0.9676163157894737,0.9820804912280702,0.988903649122807,0.9836836842105263,0.9725738947368421,1.0049575789473684
20110401,1.023097649122807,1.0157678245614035,1.019287157894737,1.0187192631578947,1.0206577894736841,0.9975601403508771
20110408,1.0236706315789474,1.007052596491228,1.0163216140350877,1.0128475789473683,1.0135302456140352,0.9898596140350877
20110415,0.9673881403508772,0.9692458596491228,0.9710865964912281,0.9723538947368421,0.9873095789473684,1.0199214385964912
20110422,0.9791168421052632,0.9720598947368421,0.9747168421052632,0.9684077894736842,0.9644300350877193,0.9853131929824561
20110429,1.0081802105263158,0.9973470877192983,0.9990718947368421,1.0043383859649122,1.005358105263158,0.9971778947368422
20110506,1.0097508070175438,1.0101473684210527,1.0063600350877193,1.0005758245614036,0.9951257192982457,0.9853749122807017
20110513,0.9368827719298246,0.9547649824561404,0.9631714736842105,0.9682676140350877,0.9641735438596492,1.0272907719298245
20110520,0.9076071228070176,0.9328793684210526,0.934388596491228,0.9382881403508773,0.9414459649122807,1.0338388421052631
20110527,1.053644596491228,1.0406369122807018,1.0417586315789473,1.0395032631578947,1.0404741754385964,0.9868295789473684
20110603,0.9969639298245614,1.0008899649122807,1.001513052631579,0.9982703859649122,0.9946262456140351,0.9976623157894737
20110610,0.9438921403508772,0.9562379298245614,0.9565214385964912,0.9625355789473684,0.9597494385964912,1.015857298245614
20110617,1.0677175438596491,1.0601813333333334,1.0631430175438596,1.0652864912280702,1.070171403508772,1.0024538596491228
20110624,1.0269541403508773,1.0285514736842105,1.0324760350877193,1.0361225263157894,1.0335302456140352,1.0065761052631579
20110701,1.0241333684210527,1.0154619298245613,1.0124395087719298,1.0155384210526315,1.0127129824561403,0.9885796140350878
20110708,1.0139580701754385,1.0204485614035088,1.0163358947368422,1.0195185614035087,1.0235451578947368,1.0095870877192983
20110715,0.9436590526315789,0.9426082807017544,0.9430060350877193,0.9376371929824562,0.9372826315789474,0.9936235789473684
20110722,1.009067052631579,1.0101740350877193,1.0105167719298245,1.0067680350877193,1.0084850877192983,0.9994180350877193
20110729,0.9356447260273972,0.9244951369863013,0.9195391438356164,0.9233773630136985,0.9129374315068494,0.9772927054794521
20110805,1.0545472945205479,1.0546164041095891,1.0561210273972603,1.050163595890411,1.051791815068493,0.9972445205479452
20110812,0.9489621575342466,0.9564046917808219,0.9600122602739726,0.9573142808219178,0.9610272602739726,1.012065102739726
20110819,1.0182677397260274,1.0271685273972604,1.0331651712328767,1.0357700342465754,1.0358103767123288,1.0175426369863014
20110826,0.9392772945205479,0.9433601369863014,0.9452839726027398,0.9505139041095891,0.9501897260273973,1.0109124315068494
20110902,0.9797135616438356,0.9854018150684931,0.9909916780821918,0.9898794520547946,0.992295205479452,1.0125816438356166
20110909,0.9942911986301369,0.9950320547945205,1.001686095890411,1.0002380479452055,1.0008367123287671,1.00654551369863
20110916,0.9745048630136987,0.9788816438356165,0.9806604794520548,0.9849825,0.9892953767123288,1.0147905136986302
20110923,0.940620102739726,0.9462328424657535,0.9450185616438356,0.9468185616438356,0.9475677054794521,1.0069476027397262
20110930,1.039177910958904,1.0416678082191781,1.0415864383561644,1.0421517465753425,1.0455728082191782,1.006394897260274
20111014,0.9385724657534247,0.9355483904109589,0.935317191780822,0.9289366438356165,0.9305580821917808,0.9919856164383561
20111021,1.0574849657534247,1.0539778424657533,1.0612682534246576,1.0646366780821919,1.0740831164383562,1.0165981506849315
20111028,1.018340102739726,1.0236213356164383,1.0288540410958904,1.0280218493150686,1.036312602739726,1.0179725
20111104,1.0109652739726027,1.0112642123287672,1.0118991438356164,1.0158507534246575,1.0104447602739726,0.9994794863013698
20111111,0.9577117123287672,0.9535026712328768,0.9558105136986301,0.9547755821917808,0.9528942465753425,0.9951825342465753
20111118,0.9867035958904109,0.9849436643835616,0.979012808219178,0.9817673287671232,0.9815775684931507,0.9948739726027397
20111125,0.9376261643835616,0.9418315410958904,0.9441506849315069,0.9448635273972603,0.9440035616438356,1.0063773972602739
20111202,0.9786019520547945,0.9768419863013699,0.9830957534246575,0.9767077054794521,0.9751750342465754,0.9965730821917808
20111209,0.9510952397260274,0.9401212328767123,0.941262705479452,0.9305050342465753,0.9301630479452054,0.979067808219178
20111216,0.9514946917808219,0.9601716095890411,0.961291095890411,0.9622372602739726,0.9714090753424658,1.0199143835616438
20111223,0.9529787671232877,0.9614782876712329,0.9594687328767123,0.9640142465753425,0.9657408561643835,1.012762089041096
20111230,1.0319783561643836,1.0437144520547945,1.0471712671232878,1.0579277397260274,1.0683099315068494,1.0363315753424658
20120106,0.964901095890411,0.9699916780821918,0.9793956849315069,0.9839662671232877,0.9886924315068493,1.0237913356164383
20120113,1.0354767123287671,1.0484159246575342,1.0523431849315068,1.0526258219178082,1.056725582191781,1.0212488698630138
20120120,1.0271783561643835,1.0307120205479452,1.0357733561643836,1.0411572602739727,1.048519280821918,1.0213409246575342
20120203,1.031018322580645,1.0283995483870967,1.033438258064516,1.035778677419355,1.0375532903225806,1.0065349677419355
20120210,1.011632129032258,1.0145948387096775,1.0160043548387097,1.022279,1.0244207741935483,1.0127886451612904
20120217,1.041308387096774,1.0464775483870967,1.0490144193548387,1.0504456451612902,1.0505477741935483,1.0092393870967742
20120224,1.012277,1.007695322580645,1.0067945806451613,1.0070908387096775,1.0066193225806452,0.9943423225806451
20120302,1.0144969354838709,1.0170282258064516,1.0178410322580644,1.0205138064516128,1.023203129032258,1.008706193548387
20120309,0.9840642580645161,0.9838116774193548,0.9850174193548387,0.9875831290322581,0.9943673870967742,1.0103031290322582
20120316,0.9542494193548388,0.9590958064516129,0.9597742580645161,0.9612470967741935,0.9590707741935484,1.0048213548387097
20120323,0.9524694193548386,0.9603107741935484,0.9593684516129032,0.9647194838709677,0.9653667096774193,1.0128972903225806
20120330,1.0338575483870969,1.0368897741935483,1.042777548387097,1.039182870967742,1.0275952258064516,0.9937376774193548
20120406,1.0421301612903227,1.0532155806451613,1.0632324516129033,1.0570475483870967,1.0443361612903226,1.002206
20120413,0.9913201935483871,1.0055853548387097,1.008883193548387,1.0048562903225806,1.001105806451613,1.0097856129032259
20120420,1.0042367096774194,1.0064254838709676,1.0097293870967743,1.007867870967742,1.0051729032258065,1.0009361935483871
20120427,1.004120806451613,0.9952090322580646,0.9989511612903226,1.000775741935484,1.0045026451612904,1.0003818387096775
20120504,0.97977,0.9769238064516129,0.9808792580645161,0.9773197741935484,0.9811028387096774,1.0013328387096774
20120511,0.9814768709677419,0.9802161290322581,0.987929064516129,0.9835496774193548,0.979986,0.9985091290322581
20120518,1.007472935483871,1.0124769677419354,1.0087740322580645,1.004418,1.0011593548387097,0.9936864193548387
20120525,0.9780114838709677,0.9759148709677419,0.9801601935483871,0.9806097419354839,0.986118935483871,1.0081074516129032
20120601,0.999486064516129,1.003259935483871,1.004105741935484,1.0053084838709678,1.0033849354838709,1.0038988709677419
20120608,1.0093685483870967,1.0124119032258065,1.0132007419354838,1.0134807096774194,1.0205743548387096,1.011205806451613
20120615,0.9481339677419355,0.9460603548387096,0.9480441935483871,0.9465592258064516,0.9485145483870967,1.0003805806451613
20120621,1.0107153225806451,1.0062916129032258,1.0007276129032259,0.9953581290322581,0.9931364838709678,0.9824211612903225
20120629,0.9767947419354839,0.9710944516129032,0.9678024838709678,0.9622363225806452,0.9572264838709678,0.9804317419354839
20120706,0.9722700322580645,0.9685228709677419,0.9663606129032258,0.9668006129032258,0.9634975806451613,0.9912275483870967
20120713,1.006409,1.0090675483870968,1.017345193548387,1.0174202903225806,1.0241238387096774,1.0177148387096775
20120720,0.9535104193548387,0.9627770322580645,0.9600426774193549,0.9648891290322581,0.9678712903225807,1.0143608709677419
20120727,1.0437173870967742,1.0293920322580645,1.0332270967741937,1.0313482903225806,1.024427322580645,0.9807099354838709
20120803,0.9983286470588235,0.995318,0.9974761470588235,0.9965966764705882,1.0053867352941177,1.0070580882352942
20120810,0.9881961470588235,0.9925750882352942,0.9943271764705882,0.996836794117647,1.0004373235294117,1.0122411764705883
20120817,0.9670500294117647,0.9666500882352941,0.9715568529411764,0.9719420294117648,0.9690600882352941,1.0020100588235294
20120824,1.002786,1.0005594705882352,1.0073805,1.0119438823529412,1.0029085882352942,1.0001225882352942
20120831,1.0378826470588236,1.0492804411764707,1.0536075,1.0588780882352942,1.0648079411764706,1.026925294117647
20120907,0.9576911764705882,0.9623594705882352,0.9596393235294118,0.9675225,0.9642279117647059,1.0065367352941177
20120914,0.9739429117647058,0.9770576764705883,0.9741273235294118,0.9738239117647058,0.9702731470588235,0.9963302352941177
20120921,1.003683088235294,1.003720882352941,1.0016703529411766,1.0081577941176472,1.007529705882353,1.0038466176470588
20120928,1.0101781764705882,1.0145444705882354,1.0105777058823529,1.0160764411764707,1.0143326764705882,1.0041545
20121012,1.0153155588235294,1.0214298235294117,1.029427617647059,1.0300326764705883,1.0290943823529413,1.0137788235294118
20121019,0.9540578823529412,0.954413794117647,0.9550202058823529,0.9583002941176471,0.9524572058823529,0.9983993235294117
20121026,1.017971705882353,1.0247239411764706,1.027377294117647,1.0283598823529412,1.0277540294117646,1.0097823235294119
20121102,0.9719887352941177,0.9727494411764706,0.9734420588235294,0.9707890588235294,0.9691716764705882,0.9971829411764707
20121109,0.9582076176470589,0.961492,0.9608197941176471,0.9578321764705882,0.9583390294117647,1.000131411764706
20121116,0.9853323529411765,0.9894245882352941,0.9900029411764706,0.9869778235294118,0.9890264117647058,1.0036940588235295
20121123,0.9314099117647059,0.9249283235294118,0.9098925588235295,0.9079302058823528,0.9019226764705882,0.9705127647058823
20121130,1.0784673823529412,1.0823183823529412,1.0880138235294117,1.088237294117647,1.0994719117647058,1.0210045294117647
20121207,1.0182286764705883,1.0274945882352942,1.0298666176470588,1.0302605,1.0323727058823529,1.0141440294117647
20121214,1.0027899705882353,1.0024422647058824,1.0073819117647058,1.008819882352941,1.013096382352941,1.0103064117647058
20121221,1.0417677352941177,1.0492702647058822,1.049425911764706,1.0487383823529413,1.055676617647059,1.0139088823529412
20121228,1.0212166176470587,1.0208,1.0220486764705883,1.031305,1.0362681176470587,1.0150515
20130104,1.0212945294117648,1.0257715,1.0221683529411765,1.0311295882352942,1.0483030588235294,1.0270085294117648
20130111,1.0163492647058823,1.0252407647058823,1.0309125294117647,1.0322815588235295,1.0341163823529411,1.0177671176470588
20130118,0.9920631470588235,0.9885958235294118,0.9885969411764706,0.9837791176470588,0.9778803823529412,0.9858172352941177
20130125,0.9943148823529412,1.009752911764706,1.0085379705882354,1.0124355294117646,1.0169505588235295,1.0226356764705882
20130201,1.0392248806366047,1.034804801061008,1.033609177718833,1.0309976392572944,1.0364449602122017,0.9972200795755969
20130208,0.985243474801061,0.9829092838196286,0.9834246949602122,0.9898959946949603,0.9982690450928382,1.0130255702917772
20130222,0.9859670557029178,0.984835649867374,0.9817067374005305,0.9763737135278514,0.9807050663129974,0.9947380106100796
20130301,1.0123845358090187,1.0158590185676393,1.020636472148541,1.0277598143236075,1.0341533687002653,1.0217688328912466
20130308,0.9654555437665783,0.9536742705570292,0.95335525198939,0.9541886472148541,0.950966949602122,0.9855114058355438
20130315,1.0411763925729443,1.0396415915119364,1.038465225464191,1.0415314058355438,1.0393340848806367,0.9981576923076924
20130322,0.9761038196286472,0.9783900795755969,0.9680486472148541,0.9666829973474801,0.9649659681697613,0.9888621485411141
20130329,0.9766524668435014,0.9819803978779841,0.9884958355437666,0.9915918037135278,1.0012388063660478,1.0245863395225465
20130403,0.9772214854111406,0.9750173740053051,0.9736441379310344,0.9780783819628648,0.9890528381962865,1.011831352785146
20130412,1.0497728381962865,1.04366824933687,1.0398415119363396,1.037236578249337,1.033624854111406,0.9838520159151194
20130419,0.963385198938992,0.9657432095490717,0.959955225464191,0.9586333421750663,0.9530420159151194,0.9896568169761274
20130426,1.0509945623342174,1.0469345092838196,1.0502390981432361,1.0440672148541115,1.0422792042440319,0.9912846419098144
20130503,1.025135225464191,1.0255294694960213,1.0248745623342175,1.0225266843501326,1.0222233421750664,0.9970881167108753
20130510,1.0416342440318302,1.0391983554376658,1.037422652519894,1.035145278514589,1.0370116976127322,0.9953774535809019
20130517,1.022383474801061,1.0214583289124668,1.0191909549071618,1.0183088063660477,1.0136297612732095,0.9912462864721485
20130524,0.9875853580901857,0.9964759151193634,0.9987084084880636,1.0041880636604774,1.0085544562334217,1.020969098143236
20130531,0.9295328116710876,0.9236699734748011,0.9150497612732096,0.9170737135278514,0.9164689655172413,0.9869361538461539
20130607,0.9925599734748011,0.9887811671087533,0.9838738461538461,0.9825427320954907,0.980164774535809,0.9876048010610079
20130614,0.8991083554376658,0.9011003448275863,0.8952990185676393,0.8973325464190981,0.8944227055702918,0.995314350132626
20130621,1.027135702917772,1.0131637931034483,1.0107372413793103,1.0060377188328913,0.9879571087533157,0.9608214058355438
20130628,0.9779116976127321,0.9795463660477454,0.9810988063660477,0.9748962864721485,0.9748995225464191,0.996987824933687
20130705,1.0659201591511938,1.0758919363395225,1.0726135809018567,1.073753103448276,1.0689416976127322,1.0030215384615384
20130712,0.9887180901856764,0.9895032095490717,0.990146525198939,0.9891345092838196,0.9784482228116711,0.9897301326259947
20130719,0.984205225464191,0.9936683554376657,0.9982906896551724,1.0014722281167108,0.9957709549071618,1.0115657294429707
20130726,1.0483049867374006,1.0508192572944297,1.0500791777188327,1.0490109814323607,1.0524992042440318,1.0041942175066312
20130802,1.0103267164179104,1.0168948756218905,1.019986368159204,1.0330782587064677,1.0419359452736319,1.0316092288557215
20130809,0.9924018656716418,0.9898541791044776,0.9889579104477612,0.9937075621890548,0.9955754975124378,1.003173631840796
20130816,1.0266155970149253,1.0257237313432837,1.0245585820895522,1.0240169651741293,1.0204362686567163,0.9938206716417911
20130823,0.9839989800995025,0.9860425124378109,1.0000577860696518,1.004370895522388,1.017241144278607,1.0332421641791045
20130830,1.0324833333333334,1.0288856467661691,1.03179592039801,1.0331462686567163,1.0337481094527363,1.0012647761194031
20130906,1.001452039800995,1.0045830597014926,1.0055576368159205,1.0109139303482586,1.0179073631840796,1.0164553233830846
20130913,1.0157690547263682,1.0073841293532337,1.0013625870646765,1.0017907711442786,1.0008931343283582,0.98512407960199
20130918,0.9951757711442786,0.9941898507462686,0.9904784328358209,0.9879433084577115,0.9866197512437811,0.9914439800995025
20130927,1.0499621393034826,1.0513599253731343,1.0479107960199006,1.0447020149253732,1.041404303482587,0.9914421641791045
20130930,1.0334466666666666,1.0396481592039801,1.0322813184079602,1.0288930348258707,1.0244990547263682,0.9910523880597015
20131011,0.9981422388059702,1.0018657960199004,1.000758407960199,0.9991040049751244,1.000987263681592,1.002845024875622
20131018,0.9285168407960199,0.9408513184079602,0.9500992537313433,0.9458742537313433,0.9450932587064677,1.0165764179104477
20131025,0.9669864676616916,0.9818841542288557,0.9877348507462687,0.9867816915422886,0.9860682089552238,1.0190817412935322
20131101,0.9841849502487562,0.9848513681592039,0.9818734079601991,0.9805321393034826,0.9847815422885572,1.000596592039801
20131108,1.0415496517412934,1.0489062686567163,1.039213631840796,1.0470485074626865,1.0465330348258706,1.0049833830845771
20131115,1.002628631840796,1.009481144278607,1.0047495273631841,1.0054614925373135,1.0050987313432835,1.0024700995024876
20131122,0.9662908457711443,0.9729320895522388,0.9813584825870647,0.9850932338308458,0.9789624875621891,1.0126716417910449
20131129,1.0365033830845771,1.045013631840796,1.0413011940298507,1.04388907960199,1.0381520149253731,1.001648631840796
20131206,0.9805532587064677,0.9786523383084577,0.9855124129353234,0.9831206716417911,0.9885277611940299,1.0079745024875622
20131213,0.9631515671641792,0.9692953482587064,0.973206592039801,0.9687795024875622,0.966771815920398,1.003620248756219
20131220,1.0287375621890547,1.0250480597014926,1.0204896019900498,1.0170968656716417,1.015448880597015,0.9867113184079602
20131227,0.979615,0.9797223631840796,0.9808746019900497,0.9813874129353234,0.9780358457711442,0.9984208457711442
20140103,0.9858432203389831,0.969860823244552,0.971450411622276,0.9728786924939468,0.9680157869249395,0.9821725665859564
20140110,1.0096160290556901,1.0102576755447943,1.0097475786924939,1.0077148910411622,1.0049446246973366,0.9953285956416464
20140117,1.0543949878934624,1.0508481355932202,1.052030774818402,1.0518758595641646,1.0512918401937046,0.9968968523002422
20140124,1.0562088861985472,1.0453219612590798,1.0455909685230025,1.040563244552058,1.0357973365617434,0.9795884503631961
20140130,1.0307546973365618,1.0454940677966102,1.048108837772397,1.0515753268765133,1.05343995157385,1.0226852542372882
20140207,1.0278094430992737,1.0392097578692494,1.0396242857142857,1.0420080871670703,1.0372557627118644,1.009446319612591
20140214,0.9821517191283293,0.9808998305084746,0.9744444794188862,0.9764951815980629,0.9837553995157385,1.0016036803874093
20140221,0.9804676755447942,0.9861256174334141,0.9885234140435836,0.9953953026634382,0.9972416464891041,1.01677397094431
20140228,0.9564461501210654,0.9529083535108959,0.9557528087167071,0.958458401937046,0.9640453268765133,1.007599176755448
20140307,1.0166123728813559,1.029108014527845,1.0286096852300242,1.031322397094431,1.030423196125908,1.013810823244552
20140314,0.9867951331719128,1.0030651573849878,1.012276828087167,1.019050823244552,1.0199024939467312,1.0331073607748185
20140321,0.944598426150121,0.9547210411622277,0.9595746004842615,0.9716000242130751,0.9701354237288136,1.0255369975786925
20140328,1.0230925181598063,1.0337602905569008,1.0365798547215497,1.0330661016949152,1.0380933171912832,1.0150007990314769
20140404,1.0150965375302663,1.0105509200968523,1.0059977239709443,1.005111210653753,1.009913268765133,0.9948167312348668
20140411,0.9821048668280872,0.9808500726392252,0.9797216707021792,0.9789532445520581,0.9837809443099274,1.0016760774818403
20140418,0.9296772154963682,0.9257497094430993,0.9367575544794189,0.9343474092009685,0.9241441404358354,0.9944669249394672
20140425,1.0209774092009685,1.0211396610169492,1.0183761743341404,1.0171891283292978,1.0209194673123487,0.9999420581113801
20140430,0.9959229539951574,1.0071411380145279,1.0086192978208233,1.012001598062954,1.0111207506053268,1.0151977966101695
20140509,0.9744062711864406,0.9747140920096853,0.9748904600484262,0.9735990556900727,0.9737646973365618,0.999358426150121
20140516,1.025048716707022,1.0276813559322033,1.032022348668281,1.033834745762712,1.037709975786925,1.0126612590799031
20140523,0.9920877723970944,0.9977764406779661,0.9994567554479419,0.9983600968523002,0.9974830508474576,1.0053952784503633
20140530,1.0053729539951575,1.0060823486682808,1.0053415254237288,1.00706004842615,1.0090862953995157,1.0037133414043584
20140606,1.02794205811138,1.028675593220339,1.029491525423729,1.0303194673123488,1.0335240435835351,1.0055819854721548
20140613,0.9780557627118645,0.9778232929782082,0.9772260532687651,0.9747423486682809,0.9790480871670703,1.000992324455206
20140620,1.024999297820823,1.0288141404358353,1.0333382566585956,1.0388141888619855,1.0388101694915255,1.0138108716707022
20140627,1.0143230508474577,1.0150877481840195,1.0175917433414043,1.021381573849879,1.022061549636804,1.0077384987893463
20140704,1.010614364896074,1.0185902540415703,1.0209713163972287,1.0169114780600461,1.016938752886836,1.0063243879907622
20140711,0.9733268360277136,0.9813240415704388,0.9872022632794457,0.989075635103926,0.9946954272517321,1.0213685912240185
20140718,1.0199214780600463,1.0258954965357967,1.0293887066974596,1.03252896073903,1.0339923094688221,1.0140708314087759
20140725,1.0255128868360277,1.0274297228637415,1.026252286374134,1.029303002309469,1.030208244803695,1.0046953579676674
20140801,1.0198489145496537,1.0177802771362587,1.02561935334873,1.0266508545034643,1.0274638799076212,1.0076149653579676
20140808,1.0237474595842957,1.0275360277136258,1.0243690993071592,1.0292806004618937,1.033395011547344,1.0096475519630486
20140815,0.9980210161662818,1.0037328637413394,1.0085225866050809,1.0069122632794458,1.010504572748268,1.012483556581986
20140822,1.004898868360277,1.0076318475750576,1.0087724480369515,1.006796050808314,1.001453648960739,0.9965547806004619
20140829,1.042832286374134,1.0461409699769053,1.043956258660508,1.046808221709007,1.0402016166281756,0.9973693302540416
20140905,0.9861905542725173,0.9952433949191686,1.0016423094688223,0.9953864896073903,1.0007949653579677,1.0146044110854504
20140912,0.9829552886836027,0.9830973210161663,0.9846189838337183,0.9818769284064666,0.9805342032332564,0.9975789145496536
20140919,1.037768545034642,1.0488959584295612,1.046861662817552,1.041742286374134,1.0376665588914549,0.999898013856813
20140926,1.012191778290993,1.018580831408776,1.021659168591224,1.020200946882217,1.022378637413395,1.010186859122402
20140930,0.9971139722863741,1.0029041108545034,1.0044144572748268,1.002511454965358,0.9967800461893764,0.9996660739030023
20141010,0.9865336720554273,0.9901645958429561,0.9912745727482679,0.9903640877598152,0.9853995150115473,0.9988658429561201
20141017,0.968975311778291,0.96621103926097,0.9771690762124712,0.9739982909930716,0.9734740877598153,1.0044987759815243
20141024,1.0411631870669746,1.0565684064665126,1.0590745727482678,1.0500081755196304,1.0447443418013858,1.0035811547344111
20141031,0.9951039030023094,1.0074252886836028,1.0036850115473441,1.000229884526559,0.9998725635103927,1.0047686605080832
20141107,0.9849740415704388,0.977081154734411,0.9763441339491917,0.9776179445727483,0.9838532563510393,0.9988792147806005
20141114,1.028456351039261,1.0360741801385682,1.0336621709006928,1.0321730023094688,1.0235927713625865,0.9951364203233256
20141121,1.0148853810623557,1.0188931639722865,1.0221767205542724,1.0204185219399537,1.0153247344110854,1.0004393533487297
20141128,1.0137977367205542,1.0270085219399538,1.0329776212471131,1.010369053117783,1.007161963048499,0.9933642263279446
20141205,1.0261691454965358,1.028043556581986,1.0295839953810624,1.034074272517321,1.028008337182448,1.0018391916859122
20141212,0.9372519399538106,0.9512604618937645,0.941725519630485,0.9263430484988453,0.9106356120092378,0.9733836720554272
20141219,0.9949149422632795,1.0117090069284065,1.0125206697459583,1.0047454734411085,1.0051698845265589,1.0102549422632794
20141226,1.0050696535796766,1.0201069976905313,1.0229639030023094,1.0209071593533487,1.0301311085450346,1.025061454965358
20141231,0.9813435123042505,0.9755035346756152,0.9819144071588367,0.9920444071588367,1.0087007829977628,1.0273572706935123
20150109,0.9960153467561521,0.9819133333333333,0.9889980984340044,0.9990937360178971,1.0116704697986578,1.0156551230425055
20150116,1.0804061073825504,1.0854746308724832,1.0869088814317673,1.0810938255033558,1.0816568232662194,1.001250715883669
20150123,0.9715460850111857,0.9768375615212528,0.9744838926174496,0.9862670246085011,0.9850152125279642,1.0134691275167786
20150130,0.9822457941834452,0.9783424384787471,0.9827421476510068,0.987929351230425,0.986549418344519,1.0043036241610739
20150206,1.0655744742729307,1.0605565548098435,1.0670993288590604,1.0652018568232662,1.0641522147651006,0.9985777404921701
20150213,1.042541610738255,1.0433167785234898,1.0481058836689037,1.0472661968680088,1.0464777628635347,1.0039361521252796
20150217,1.0485918120805369,1.0493297986577181,1.0537604921700223,1.0524744966442952,1.0518873378076061,1.0032955257270693
20150227,1.017039105145414,1.0150341387024608,1.019090782997763,1.0187556599552572,1.023115413870246,1.0060763087248321
20150306,1.0466717002237136,1.0449202237136466,1.0501093736017897,1.0550297091722596,1.047153937360179,1.0004822371364652
20150313,1.0690464876957495,1.0724123713646532,1.0713017673378076,1.0780751454138702,1.068286845637584,0.9992403579418345
20150320,1.0131484116331095,1.0226443176733782,1.0317830425055927,1.0354202684563758,1.0326139597315436,1.019465548098434
20150327,1.0951646308724832,1.0923096868008948,1.0805500223713647,1.0820911185682327,1.0644646532438478,0.9693000223713646
20150403,1.0206136689038032,1.0262050111856824,1.0267416331096197,1.030699798657718,1.0324249888143178,1.0118113199105145
20150410,0.9311863534675615,0.9485512080536913,0.9662859060402684,0.988033870246085,0.9969406263982102,1.0657542729306488
20150417,1.0717376733780761,1.085408836689038,1.0799640939597315,1.0885833780760625,1.0788411856823268,1.0071035123042507
20150424,0.976888836689038,0.9689261521252797,0.9790085234899328,0.9719752572706936,0.9639897315436241,0.9871008948545861
20150430,1.020668389261745,1.009935413870246,1.0157007382550336,1.0173821476510068,1.0051896420581656,0.9845212527964207
20150508,1.0558023489932886,1.0463221252796422,1.0624038926174497,1.0408687695749441,1.0407542281879194,0.9849518791946309
20150515,1.09219418344519,1.1180322371364655,1.1282300447427294,1.1310308501118567,1.1253635346756152,1.0331693512304252
20150522,1.0445324832214764,1.0491684116331097,1.0498982102908276,1.053083736017897,1.0486504250559283,1.004117941834452
20150529,1.0085696420581656,1.0375661073825504,1.0487397091722594,1.0745934004474273,1.0784921029082775,1.069922460850112
20150605,1.0308472930648769,1.041472058165548,1.0468026174496643,1.0447508501118568,1.0361725950782998,1.005325302013423
20150612,0.8688841610738255,0.8728699776286354,0.8836008948545861,0.8981673601789709,0.8826617673378077,1.0137776062639823
20150619,0.8913169574944071,0.8652477628635346,0.8803391051454139,0.8695726174496643,0.862948053691275,0.971631096196868
20150626,0.8466546979865771,0.75575451901566,0.7791194183445191,0.7843509619686801,0.7993613646532439,0.9527066666666668
20150703,1.007108258064516,1.0260950752688172,1.0374684301075268,1.056924430107527,1.0514093548387098,1.0443010967741935
20150710,1.0159264301075268,1.0520116344086021,1.0575510967741935,1.0948827096774194,1.1525190322580645,1.1365926021505377
20150717,0.9837808602150537,0.9677740430107526,0.9646664086021506,0.9676453333333334,1.0018470752688171,1.0180662150537634
20150724,0.9001063655913978,0.9019384516129032,0.935743376344086,0.9395649892473118,0.9539805376344086,1.053874172043011
20150731,1.087281311827957,1.148301311827957,1.1389081075268819,1.1540744946236559,1.1473745806451614,1.0600932688172044
20150807,1.024923376344086,1.0575175268817203,1.0529696344086021,1.0641469462365591,1.057184387096774,1.0322610107526882
20150814,0.7865271397849461,0.7453137634408601,0.7751400645161292,0.7595404086021504,0.7821024731182796,0.9955753333333335
20150821,0.9367386451612904,0.9340211397849463,0.9448729032258064,0.9358267311827957,0.932717935483871,0.9959792903225807
20150828,0.9802667096774194,0.9971924946236559,1.004833569892473,1.019198559139785,1.0118900860215054,1.031623376344086
20150902,1.0086069462365592,0.9981118279569893,1.0033236559139784,1.009044064516129,1.0092229247311828,1.0006159784946236
20150911,1.0521516559139785,1.056041010752688,1.0416307956989248,1.0496692258064515,1.0300580430107527,0.9779063870967741
20150918,0.997361935483871,0.997281311827957,0.9924836774193548,1.0018701720430108,1.001222752688172,1.003860817204301
20150925,1.073252623655914,1.0937049677419355,1.0779573548387098,1.0972995913978494,1.081985182795699,1.0087325591397849
20150930,1.081114387096774,1.1003322580645163,1.083361182795699,1.0961138279569893,1.0957817419354838,1.0146673548387097
20151009,1.0484586666666666,1.0537567526881721,1.0361205591397848,1.0469610967741936,1.0554241075268818,1.006965440860215
20151016,1.0191541720430108,1.0304269032258064,1.0268901720430108,1.0382403870967742,1.037856129032258,1.0187019569892473
20151023,0.9591389677419355,0.9635303225806451,0.9735294193548387,0.977141440860215,0.9730402795698925,1.013901311827957
20151030,1.0836929462365592,1.0958730107526882,1.078976623655914,1.100712817204301,1.0847060860215054,1.0010131397849462
20151106,1.030056494623656,1.036058064516129,1.0247788817204302,1.0235365376344085,1.0382366451612903,1.0081801505376344
20151113,0.998416559139785,1.0073436129032258,1.015265870967742,1.0190412043010753,1.0275225161290322,1.0291059569892473
20151120,0.9655266666666666,0.970318,0.9688181935483872,0.9569172258064516,0.9679889892473118,1.0024623225806453
20151127,1.01263111827957,1.0280259139784946,1.036080623655914,1.0410623225806452,1.0365444731182796,1.0239133548387096
20151204,0.9766354193548387,0.9821668602150537,0.994975505376344,0.9894139784946236,0.9856862795698925,1.0090508602150539
20151211,1.0533394838709678,1.056910623655914,1.0535524516129031,1.0568051397849463,1.0502508817204301,0.9969113978494624
20151218,0.9774722365591398,0.9848028602150538,0.9820069247311828,0.989000752688172,0.9793641075268817,1.001891870967742
20151225,0.8914847956989247,0.8949674193548387,0.9051338709677419,0.9121131397849462,0.9015832473118279,1.0100984516129032
20151231,0.8558122462203024,0.8365177969762418,0.8518143412526997,0.866956090712743,0.8459643412526998,0.9901520950323974
20160108,0.9523999784017279,0.9651901295896328,0.9781002591792657,0.9884965874730022,0.9807059827213823,1.0283060043196544
20160115,1.001302505399568,1.0238236717062634,1.0236155507559395,1.0204194384449243,1.029528898488121,1.028226393088553
20160122,0.8820117710583153,0.881796241900648,0.8896082721382289,0.8885143844492439,0.8797842332613393,0.997772462203024
20160129,1.0462863066954644,1.059138574514039,1.056582375809935,1.055192051835853,1.051372678185745,1.0050863714902807
20160205,1.0722790064794816,1.0752734557235422,1.082967516198704,1.0872915982721383,1.0968712742980562,1.0245922678185746
20160219,0.8510699568034559,0.8451796112311016,0.8638477969762419,0.8576182073434125,0.8559143412526998,1.004844384449244
20160226,1.0449701079913607,1.0640780993520518,1.071842678185745,1.0800088552915765,1.0783819654427647,1.0334118574514037
20160304,0.9848389416846652,0.9921788336933045,0.9994487473002159,1.0062666738660908,1.0090433477321814,1.0242044060475162
20160311,1.0719477753779698,1.077895010799136,1.0761989416846651,1.0834493952483801,1.086979546436285,1.0150317710583154
20160318,0.9926378833693305,0.9924135421166307,0.9898444060475162,0.9960393520518358,0.9975442980561555,1.004906414686825
20160325,1.042066695464363,1.0451204319654428,1.0370980345572354,1.0428323110151188,1.0444393952483801,1.0023726997840172
20160401,0.9850916414686826,0.9929838012958964,0.9995480561555076,1.0029569546436286,1.0082787041036716,1.0231870626349893
20160408,0.9992964362850972,1.0029773218142548,1.0083816630669546,1.0114614686825054,1.0115367818574514,1.0122403455723543
20160415,0.9491497624190065,0.9527903455723542,0.953911727861771,0.9470362634989201,0.9497655507559395,1.0006157883369329
20160422,1.0309608639308856,1.0349134125269979,1.0361909503239741,1.0350686393088553,1.0339054859611232,1.0029446220302376
20160429,0.9123777969762419,0.9119391144708422,0.921023909287257,0.9280335637149029,0.929566090712743,1.017188293736501
20160506,1.0099537149028077,1.0027749460043196,1.0016055075593953,1.0028041036717064,0.9972828293736501,0.9873291144708424
20160513,0.9973596544276457,0.996793909287257,0.9988803455723542,1.0007202807775377,1.0017207343412526,1.004361079913607
20160520,0.9810313174946005,0.9879869330453563,0.9900509071274298,0.989545464362851,0.9896504967602592,1.0086191792656587
20160527,1.0542249244060475,1.063938120950324,1.05953403887689,1.0603114470842332,1.0635435205183585,1.009318596112311
20160603,0.9896858315334773,0.9837230021598272,0.9879117926565875,0.982710950323974,0.9779972570194384,0.9883114254859611
20160608,1.0478598056155508,1.0483150539956803,1.04204403887689,1.0389861987041038,1.0302883369330453,0.9824285313174946
20160617,1.007549071274298,1.0147189632829374,1.0174188552915766,1.0249765010799137,1.0180301943844492,1.0104811231101511
20160624,1.011837343412527,1.0255036501079913,1.0336696544276458,1.0335141252699784,1.0449457235421167,1.0331083801295895
20160701,0.9958583982683983,1.0079264935064935,1.0057004545454546,1.0092491774891774,1.0095554329004328,1.0136970346320346
20160708,1.0007101082251082,1.0071911255411254,1.011380606060606,1.0178477272727273,1.020053225108225,1.0193431168831169
20160715,0.9883438744588745,0.9987380735930735,1.0051117316017315,1.0064293073593074,1.00455158008658,1.0162077056277057
20160722,0.9445877922077922,0.9444375541125541,0.9418660173160174,0.9411343722943724,0.9472822727272727,1.0026944805194806
20160729,1.0282445454545455,1.0290725974025974,1.0258236796536797,1.0306645887445887,1.0244780952380952,0.9962335497835498
20160805,1.022813961038961,1.0227898268398268,1.0242818614718614,1.0251949567099568,1.0254381385281386,1.0026241774891775
20160812,0.9970149783549783,0.995655064935065,1.0038760606060606,1.000531645021645,1.004440541125541,1.0074255627705628
20160819,1.0016367532467532,1.0041322077922077,1.0081027056277057,1.0057738311688311,1.0026744805194805,1.0010377272727273
20160826,0.9903793073593073,0.9966526623376624,1.000720541125541,0.9935246103896104,0.995181341991342,1.0048020346320345
20160902,0.9802988744588744,0.9839877489177489,0.9870208225108225,0.9833505627705628,0.980100606060606,0.9998017316017316
20160909,1.0149948917748917,1.0198011688311688,1.0173518398268397,1.014531515151515,1.0143981601731602,0.9994032683982684
20160914,0.985845670995671,0.9832024675324675,0.9842813203463203,0.9811910173160173,0.9796924242424243,0.9938467532467533
20160923,1.0296892424242423,1.0360017965367965,1.0332028354978355,1.0332341774891776,1.0364369913419913,1.006747748917749
20160930,0.9983761038961039,1.001685432900433,0.9993730086580087,1.0008749567099566,0.9977388744588744,0.9993627705627706
20161014,1.0192666017316017,1.0209334632034632,1.0214656493506493,1.0243039177489177,1.023311038961039,1.0040444372294373
20161021,0.9859385497835498,0.9899165800865801,0.9927002380952381,0.9905038744588744,0.9906772727272727,1.004738722943723
20161028,1.0107725324675325,1.0141320562770562,1.0120778787878788,1.0084150432900434,1.004729090909091,0.9939565584415584
20161104,1.0188991125541125,1.0261480086580086,1.0281135714285714,1.0230914718614719,1.0202108874458875,1.0013117748917748
20161111,0.9992198484848485,1.002138658008658,1.0031130086580087,1.0063317532467533,1.0025460173160172,1.0033261688311688
20161118,0.9944450432900432,1.003508051948052,1.0052082900432902,1.0066357792207792,1.000885303030303,1.0064402597402597
20161125,0.9619218398268399,0.9647769047619047,0.96767158008658,0.9716439826839827,0.9720598268398268,1.010137987012987
20161202,0.9696922077922078,0.9587101731601732,0.9564563852813853,0.9498472943722944,0.9459045454545455,0.9762123376623377
20161209,1.0285924458874458,1.0255183333333333,1.018192683982684,1.0105839826839826,1.0076349783549783,0.9790425324675325
20161216,0.9906669696969697,0.9953882683982684,1.0024664718614718,1.0001339393939395,1.0047383333333333,1.0140713636363636
20161223,1.003213961038961,1.0079829653679653,1.0101149134199134,1.006280064935065,1.0047979220779222,1.001583961038961
20161230,1.0037094588744588,1.0113586363636364,1.0124901082251083,1.0102450216450216,1.0110595238095237,1.0073500649350648
20170106,0.9160590833333333,0.9245666041666667,0.9296330625,0.9263702291666667,0.9207869166666667,1.0047278333333334
20170113,1.024899375,1.0324987708333333,1.0233196041666666,1.025613625,1.0300253333333333,1.0051259583333334
20170120,1.0078221666666667,1.0110052291666667,1.0133901666666667,1.0137872916666666,1.0138723958333333,1.0060502291666666
20170203,1.0189425208333334,1.0266537708333334,1.0202156875,1.0189573958333333,1.0208248333333334,1.0018823125
